title,link
A tale of two camps and Sam Altman’s departure from OpenAI,https://thebulletin.org/2023/11/a-tale-of-two-camps-and-sam-altmans-departure-from-openai/
Book excerpt—Catastrophic climate change: Lessons from the dinosaurs,https://thebulletin.org/premium/2023-11/book-excerpt-catastrophic-climate-change-lessons-from-the-dinosaurs/
Bridging the gap between nuclear ban treaty supporters and opponents,https://thebulletin.org/2023/11/bridging-the-gap-between-nuclear-ban-treaty-supporters-and-opponents/
Protein de-extinction: How Neanderthals and mammoths could help find new antibiotics,https://thebulletin.org/2023/11/protein-de-extinction-how-neanderthals-and-mammoths-could-help-find-new-antibiotics/
The people of Gaza need a water ceasefire,https://thebulletin.org/2023/11/the-people-of-gaza-need-a-water-ceasefire/
Emergency aid to Israel needs scrutiny,https://thebulletin.org/2023/11/emergency-aid-to-israel-needs-scrutiny/
The US and China re-engage on arms control. What may come next,https://thebulletin.org/2023/11/the-us-and-china-re-engage-on-arms-control-what-may-come-next/
"Hollywood, nuclear war, and the art of saving the world",https://thebulletin.org/2023/11/hollywood-nuclear-war-and-the-art-of-saving-the-world/
A small modular reactor’s demise calls for big change in Energy Department policy,https://thebulletin.org/2023/11/a-small-modular-reactors-demise-calls-for-big-change-in-energy-department-policy/
Why a Russian nuclear expert thinks the Doomsday Clock should move away from midnight,https://thebulletin.org/2023/11/why-a-russian-nuclear-expert-thinks-the-doomsday-clock-should-move-away-from-midnight/
"Why the congressional strategic posture report is not about nuclear deterrence, but warfighting",https://thebulletin.org/2023/11/why-the-congressional-strategic-posture-report-is-not-about-nuclear-deterrence-but-warfighting/
