headline,importance
Over 4 Million Americans Roll Up Sleeves For Omicron-Targeted COVID Boosters,1
"American Airlines Flyer Charged, Banned For Life After Punching Flight Attendant On Video",
Woman Who Called Cops On Black Bird-Watcher Loses Lawsuit Against Ex-Employer,
Cleaner Was Dead In Belk Bathroom For 4 Days Before Body Found: Police,
Reporter Gets Adorable Surprise From Her Boyfriend While Live On TV,0
Puerto Ricans Desperate For Water After Hurricane Fiona’s Rampage,
Biden At UN To Call Russian War An Affront To Body's Charter,
World Cup Captains Want To Wear Rainbow Armbands In Qatar,
Man Sets Himself On Fire In Apparent Protest Of Funeral For Japan's Abe,0.1
Fiona Threatens To Become Category 4 Storm Headed To Bermuda,
"Twitch Bans Gambling Sites After Streamer Scams Folks Out Of $200,000",
Virginia Thomas Agrees To Interview With Jan. 6 Panel,0
Russian Cosmonaut Valery Polyakov Who Broke Record With 437-Day Stay In Space Dies At 80,
4 Russian-Controlled Ukrainian Regions Schedule Votes This Week To Join Russia,
Fiona Barrels Toward Turks And Caicos Islands As Category 3 Hurricane,
Biden Says U.S. Forces Would Defend Taiwan If China Invaded,1.7
Hurricane Fiona Bears Down On Dominican Republic After Pounding Puerto Rico,
One Dead After Plane Crashes At Reno Air Race,
‘Beautiful And Sad At The Same Time’: Ukrainian Cultural Festival Takes On A Deeper Meaning This Year,
Family Of American Held In Afghanistan Says He Was Freed By Taliban In Prisoner Swap,
World Leaders Pay Respects To Queen Elizabeth II,
Biden Says Queen's Death Left 'Giant Hole' For Royal Family,
Watchdog Report Finds Some Census Takers Who Fudged 2020 Data Didn’t Get Fired,
First Public Global Database Of Fossil Fuels Launches,
Man Charged With Exposing Himself To Mourners Waiting To View Queen Elizabeth,
Alaska Prepares For 'Historic-Level' Storm Barreling Towards Coast,
Puerto Rico Braces For Landslides And Severe Flooding As Tropical Storm Fiona Approaches,0.4
WHO Raises Alarm On Disease In Flood-hit Areas Of Pakistan,
Privatization Isn’t The Answer To Jackson’s Water Crisis,
Bill To Help Afghans Who Escaped Taliban Faces Long Odds In The Senate,
Alabama Sidesteps Compensation For Survivor Of '63 KKK Blast,
Racism Seen As Root Of Water Crisis In Mississippi Capital,
Mark Meadows Complies With Justice Dept. Subpoena: Report,
Chick-Fil-A Worker Saves Woman With Baby From Being Carjacked,
"Bill Richardson Visits Moscow As Brittney Griner, Paul Whelan Remain Jailed",
"Possible Nationwide Rail Strike Is Already Impacting Travelers, Businesses",
Democrats Nominate Seth Magaziner In Key Rhode Island House Race,
TikTok Search Results Riddled With Misinformation: Report,
U.S. Inflation Falls For 2nd Straight Month On Lower Gas Costs,
Thousands Of Minnesota Nurses Launch 3-day Strike Over Pay,
Joe Biden Urges National Unity In Speech On Renewed ‘Cancer Moonshot’,
Sen. Tim Scott Downplays Electability Concerns Over Struggling Senate GOP Candidates,
Electability Is On The Ballot In Key Rhode Island House Primary,
"In A Nod To JFK, Joe Biden Pushing 'Moonshot' To Fight Cancer",
"Weather Helping, But Threat From Western Fires Persists",
"Biden Honors 9/11 Victims, Vows Commitment To Thwart Terror",
9/11 Attacks Still Reverberate As U.S. Marks 21st Anniversary,
Last Reactor At Ukraine's Zaporizhzhia Nuclear Plant Stopped,
Payment Processor Visa To Start Categorizing Sales At Gun Stores,
"US, Trump Team Propose Names For Arbiter In Mar-A-Lago Probe",
Russia Says It's Pulling Back Forces From Ukraine's Kharkiv Region,
Severe Winds Batter Southern California As Heat Wave Breaks,
Ukraine Claws Back Some Territory; Nuclear Plant In Peril,1.8
'Our Hearts Are Broken': Historic Front Pages Mark The Queen's Death,
UN Chief Asks World For 'Massive' Help In Flood-Hit Pakistan,
"Politician's DNA Connected To Las Vegas Journalist’s Murder, Police Say",
Michigan Supreme Court Revives Abortion Rights Amendment For November's Ballot,
Portland Residents With Disabilities Sue Over City's Blocked Sidewalks,
At Least 32 Dead In Fire At Karaoke Parlor In South Vietnam,
The Unemployment Insurance System Is Not Ready For The Next Recession,
"Power Outage At Austin Airport Leads To Flight Delays, Traffic Jams",
"Shelling Goes On Near Ukraine Nuclear Plant, Despite Risks",
Fast-Moving Fairview Fire Kills At Least 2 In California,
Mississippi Governor Says Water Pressure Is Now 'Solid' In Jackson,
"Meta, Parent Company Of Instagram, Fined $400 Million By Irish Regulators",
School Starts Today For Survivors Of Deadly Mass Shooting In Uvalde,
"U.S.: Russia To Buy Rockets, Artillery Shells From North Korea",
Michigan Secretary of State Worried About ‘Violence And Disruption’ Going Into Midterms,
Citing Imminent Danger Cloudflare Drops Hate Site Kiwi Farms,0.7
Bear Spotted Chilling In California Swimming Pool,
Uvalde Fourth Graders Waited An Hour With Wounded Teacher,
Trump-Endorsed Wisconsin Gubernatorial Candidate Tells Voters To Take Up Pitchforks,
FEMA Director Says It's ‘Too Early’ To Tell When Jackson Will Have Clean Water Again,
Pakistan's Largest Natural Lake Is Rising To Dangerous Levels Due To Monsoon,
Uvalde Children Grapple With Trauma After School Massacre,
Emergency Declared As Flash Flooding Hits Northwest Georgia,
Plane That Circled Mississippi Threatening To Crash Has Landed,
Fuel Leak Ruins NASA's 2nd Shot At Launching New Moon Rocket,
9 Migrants Are Found Dead In Rio Grande: Border Patrol,
Owner Of New England Frozen Yogurt Shops Accused Of Hiding Camera In Store Bathroom,
Former White House Counsel Pat Cipollone To Testify Before Grand Jury: Reports,
"Tropical Storm Danielle Strengthens Into Hurricane, No Current Threat To Land",
Putin Plans To Snub Gorbachev's Funeral,
NASA Aims For Saturday Launch Of New Moon Rocket After Fixing Fuel Leaks,
"U.S. Hiring Slowed In August As Employers Add 315,000 Jobs",
Pregnant Woman Who Claimed Unborn Baby Was HOV Lane Passenger Receives Another Ticket,
Missing Louisiana Nun Found 'Alive And Safe' Months After Armed Home Raid,
"A Ku Klux Klan Plaque Is Mounted At West Point's Science Center, Commission Finds",
Toxic Algae Causes Thousands Of Dead Fish To Wash Ashore In California,
Rep. Jim Jordan's Judiciary Twitter Account Finds 'Threat' In Pic Of Docs At Trump Home,
Mikhail Gorbachev's 1998 Pizza Hut Ad Resurfaces After His Death,
Republicans Ignore Trump's Hoarding Of Classified Documents,
‘Fox & Friends’ Host Questions Why Trump Kept Classified Documents At Mar-A-Lago,
3 More R. Kelly Accusers Testify About His Abuse In Chicago Trial,
Stocks Dive For Truth Social SPAC Amid Merger Delay,
'Safety Is Always First': NASA Reschedules Artemis Moon Mission To Saturday,
Secret Service Official And Ex-Trump Aide Tony Ornato Retires Amid Jan. 6 Probe,
House Members Are Using A Controversial Tool To Keep Campaigning. Has It Gone Too Far?,
Lindsey Graham Warns Of 'Riots In Streets' If Trump Is Charged Over Classified Docs,
"Pakistan Flooding Deaths Pass 1,000 In 'Climate Catastrophe'",1.6
A Nebraska Man Conducted An Active Shooter Drill. Employees Had No Idea.,
Kash Patel Says His Life's In Danger Because He's In FBI Affidavit,
FBI Probing Russian-Speaking Fake Heiress Who Infiltrated Mar-A-Lago: Report,
Don Jr. Posts 'Dick Pic' Of Dad After Affidavit Release: 'Redact This!',
Trump Attorneys File Do-Over Motion Regarding Mar-A-Lago Search,
"6 Missing College Students In Mexico Were Held In Warehouse, Killed By Army",0.6
Jared Kushner Blasts 'Nasty Troll' Chrissy Teigen For Attacks On Ivanka,0
Mar-A-Lago Search Affidavit: Trump Was Insecurely Storing Most Sensitive Intel At Club,
"Donald Trump's Truth Social Reportedly Faces Major Money, Trademark Woes",
"6 Months Into War, Russian Goods Still Flowing To U.S.",
Judge Temporarily Blocks North Dakota Trigger Law Banning Abortion,
REI Workers At Berkeley Store Vote To Unionize In Another Win For Labor,
Gov. Brian Kemp Fights Subpoena In Georgia Election Probe,
Japan’s National Police Chief To Resign Over Shinzo Abe Assassination,
"Uvalde Victims' Families, Survivors Plan Multi-Billion Dollar Lawsuit",
"Dan Goldman, Narrowly Leading In New York Democratic Primary, Declares Victory",
Markwayne Mullin Wins Oklahoma Republican Primary To Succeed GOP Sen. Jim Inhofe,
Charlie Crist Wins Chance To Take On Florida Gov. Ron DeSantis And His $132 Million,
IRS Launches Safety Review Amid Threats To Workers Linked To Conspiracy Theories,
Student Loan Borrowers Await Biden Plan On Debt Forgiveness,
Former Louisville Cop Pleads Guilty In Breonna Taylor Case,
Rusty Bowers Rips 'Fascism' Of GOP And Trump's Strong-Arm Tactics To Trash Vote,
"After Delay, Biden Readies Student Loan Help, Payment Pause",
This Is The Bittersweet Part Of Democrats' Sweet Legislative Victory,
UK Broadcaster To Air Satirical Musical On Prince Andrew,
Teachers In Ohio's Largest School District Go On Strike,
"Ukraine: 9,000 Of Its Troops Killed Since Russia Began War",1.1
"Gas Prices Are Falling, But Global Events Could Cause Increase, Energy Secretary Warns",
Police File Terrorism Charges Against Pakistan's Ex-Premier Imran Khan,0.3
Hawaii Seeking End To Conflict Over Astronomy On Sacred Mountain,
Metal-Detecting Stranger Retrieves Woman’s Ring Lost In Sea,
Defense In Parkland School Shooter’s Trial Set To Present Its Case,
"Judge Won't Block Georgia Ban On Bringing Food, Water To Voters In Line",
"Trans Woman Can't Be Considered Parent Of Her Own Child, Rules Tokyo Court",
"Dorli Rainey, Symbol Of Occupy Movement, Dies At 95",
Mike Pence Says He Did Not Take Classified Documents When He Left Office,
Wendy's Pulls Lettuce From Sandwiches After Dozens Fall Sick From E. Coli,
Shocking Drone Video Shows Alligator Attacking Florida Man,
Mitch McConnell Gives Downbeat Forecast On GOP Winning Senate,
Media To Ask Judge To Release Trump Search Warrant Affidavit,
State Dept. 'Studying' 34-Year Sentence Of Saudi Woman Over Twitter Use,
"LGBTQ Pride Events Will Have Priority Access To Monkeypox Vaccines, Health Officials Say",
CDC Director To Overhaul Agency With COVID Shortcomings In Mind,
"General Motors Recalls Over 484,000 Vehicles Over 'Improperly'-Formed Seat Belts",
Planned Parenthood To Spend Record $50 Million For Midterms,
"Former California Congressman Charged After 'Multiple Fraud Schemes,' Feds Say",
Syria Denies It Is Holding American Journalist Austin Tice,
NBA Won't Host Election Day Games In Effort To Increase Voter Turnout,
Dog Catches Monkeypox In France In First Suspected Human-To-Pet Transmission,
New Law Makes Period Products Free For All In Scotland,
Afghanistan Marks One-Year Anniversary Since Taliban Takeover,
"Lindsey Graham Must Testify In Georgia Election Probe, Judge Says",
3 Injured In Shooting At Six Flags Great America Park Near Chicago,
Iran Denies Involvement But Justifies Salman Rushdie Attack,
Lawyers Appeal Brittney Griner's Russian Prison Sentence,
Jury Selection In R. Kelly Federal Trial To Begin In Chicago,
Palestinian Gunman Wounds 8 In Late-Night Jerusalem Shooting,
Officials: Fire At Coptic Church In Cairo Kills 41,
Don't Look Up! A Possible Meteor Causes Loud 'Boom' Sound In Utah,
"Salman Rushdie 'On The Road To Recovery,' Agent Says",
"'Catastrophic Failure' At Research Center Kills About 21,000 Fish",
Parents Arrested After Attempting To Grab Their Children During School Lockdown,
Sinema Took Wall Street Money While Killing Tax On Investors,
Suspect In Rushdie Stabbing Pleads Not Guilty As Author Remains Hospitalized,
'Shocking' Fish Die-Off Sends Poland Scrambling To Determine Source,
"Over $2 Billion Announced For Roads, Bridges, Bike Lanes Across U.S.",
"Polio Detected In NYC's Sewage, Suggesting Virus Circulating",1.3
Democrats’ Inflation Reduction Act Expected To Do Little To Reduce Inflation,
"CDC Drops Some Quarantine, Screening Recommendations For COVID-19",
U.S. Unemployment Claims Rise To Highest Level Since November,
Gas Prices Dip Just Below $4 For The First Time In 5 Months,1.2
"As Joe Biden Wins Mount, 2024 Doubts Ease For Top House Dems",
Ex-Twitter Staffer Convicted For Sharing Private Information On Dissidents With Saudis,0.2
Stranded Whale Euthanized After Removal From French River,
Sesame Place To Train Workers On Diversity After Lawsuit,
Kobe Bryant Crash Photos Lawsuit To Be Heard By LA Jury,
Why The Justice Department Can’t Say More About The Mar-A-Lago Raid,
Lawyer: Rudy Giuliani Won’t Testify Tuesday In Georgia Election Probe,
3 Dead In Shooting At Florida Narcotics Anonymous Meeting,
Trump Said Wounded Veterans In Military Parades Didn’t 'Look Good' For Him: Book,
Lindsey Graham Scolded For Senate Outburst At Maggie Hassan,
"‘Come On, Bernie!’ Why Democrats Left Child Tax Credit Out Of The Inflation Reduction Act",
"57 Votes in the Senate: Enough For Private Equity, Not Enough For Diabetics",
Biden Expresses Solidarity With Muslim Community After Albuquerque Killings,
L.A. Man Among 3 Killed In Lightning Strike Near White House,
"Over 120 Injured, Several Missing In Massive Cuban Oil Facility Fire",
Eastern Kentucky Braces For More Storms While Recovering From Extreme Flooding,
New York Couple Turns In 5-Foot Gator 'Zachary' They'd Been Keeping In Home,
This Is The Most Underappreciated Part Of The Democratic Prescription Drug Bill,
GOP Senators Refuse To Rule Out Supporting Donald Trump Again — Even If He's Indicted,
CPAC Has A Special Exhibit: A Sobbing Jan. 6 Rioter In Jail,
"5 Dead, 8 Injured In Fiery Los Angeles Crash After Speeding Car Runs Red Light",
FBI Arrests 4 Louisville Cops In Breonna Taylor Shooting Investigation,
Giant Sinkhole Swallows Chilean Land Owned By Canadian Mining Company,
Volcano Near Iceland’s Main Airport Erupts Again,
Paul Pelosi Pleads Not Guilty To DUI Charges,
Sandy Hook Parent Testifies: Alex Jones’ Apologies ‘Are Worthless’,
"Senate Republicans Fold, Help Pass Veterans Health Bill After Blocking It",
Arizona's Rusty Bowers Comes Out Against A 2024 Trump Bid,
Challenger Suraj Patel’s Poll Shows Tightening Race In Key New York Primary,
Death Toll In Kentucky Hits 28 As Infrastructure Damage Hampers Flood Recovery,
Vulnerable House Dems See Abortion As Winning Campaign Theme,
Report: Prince Charles' Charity Got Donation From Bin Ladens,
New York City Declares Monkeypox A Public Health Emergency,
Chinese Rocket Debris Makes Out-Of-Control Fall Back To Earth,
Man Arrested For Alleged Bomb Threat Against Arizona Election Official After Jan. 6,
Rain Cascades From Vegas Casino Ceilings As Thunderstorms Flood Desert,
Photos Reveal Ivana Trump's Final Resting Place At Bedminster Golf Course,
Ex-DHS Aide Suggests She 'Went Very Public' Because She Didn't Trust Inspector General,
DHS Watchdog Fails To Notify Congress Over Missing Jan. 6 Texts Of 2 Trump Officials,
'Covington Kid' Nicholas Sandmann Loses Defamation Suits Against Major Media Outlets,
Alabama Official Told Reporter Her Skirt Was Too Short To Witness An Execution,
Principal Of Texas School Where Shooting Happened Reinstated,
Infowars Sidekick Owen Shroyer Testifies In Alex Jones' Sandy Hook Defamation Trial,
Democrats' Reconciliation Package The 'Biggest Climate Action In Human History',
Deputy Kills Unarmed Black Man After Alleged Shoplifting From Houston Dollar General,
2 Cops Sentenced For Violating George Floyd's Rights,
GOP Sen. Joni Ernst Blocks Bill Protecting Right To Birth Control,
Medical Students Walk Out On Ceremony Over Keynote Speaker Who Opposes Abortion Rights,
Rep. Marjorie Taylor Greene Is Eligible To Run For Reelection: Judge,
"Steve Bannon Calls On '4,000 Shock Troops' To 'Deconstruct' The Government 'Brick By Brick'",
Political Ad Shows Doctor Asking Texas Gov. Greg Abbott If He'll Allow An Abortion,
"Biden Improves 'Significantly,' Throat Still Sore From COVID",
Alex Jones' Sandy Hook Defamation Trial Is Set To Begin. Here's How It Got To This Point.,
Josh Hawley's Home State Newspaper Chides Him As 'Laughingstock',
6-Year-Old Girl Among 3 Family Members Shot In Tent At Iowa State Park,
"New York Post, Wall Street Journal Editorial Boards Condemn Trump",
Kari Lake Walked Away From A Career In Journalism. Now She's Running For Governor By Bashing The Media.,
195 House Republicans Voted Against Birth Control Protections,
The Race To Replace Boris Johnson As Prime Minister Is Down To These 2 Candidates,
"Herschel Walker Is A Messy Candidate, But The Georgia Senate Race Is Still A Toss-Up",
Appeals Court Allows Georgia Abortion Law To Take Effect,
Biden Takes Modest Executive Action After Climate Agenda Stalls In Congress,
"Chronic Starvation Remains Threat To Florida Manatees, Officials Say",
Twitter Lawyer Calls Elon Musk 'Committed Enemy' As Judge Sets October Trial,
$5K Reward For Suspect In Shooting Of Lady Gaga’s Dog Walker,
"Secret Service Can't Recover Jan. 6 Texts, National Archives Wants Probe",
Michael Baltimore Of '90 Day Fiancé' Added To Most Wanted List For Murder,
Jury Selection Begins In Trial Of Ex-Trump Adviser Steve Bannon,
4 Killed After Gunman Opens Fire In Indiana Mall Food Court,
Republicans Begin To Sour On Aid To Ukraine,
Republican Senate Candidate Charged With Making False Child Trafficking Allegations,
Former FDA Commissioner: U.S. Has Probably ‘Failed To Contain’ Monkeypox,
Ohio Girl's Abortion Doctor Once Targeted In Vicious Kidnapping Threat: Report,
Trump-Supporting GOP Congressman Faces Election Fraud Accusations,
Senator Ted Cruz Says Supreme Court Was Wrong In Same-Sex Marriage Ruling,
Gunman Opens Fire Inside Comedy Club Moments Before Craig Robinson Set,
School Board Member Says Black Principal's Activism 'Got Him Fired' From School,
Florida Official Tells Highway Trooper He Runs The County During Traffic Stop,
Woman Allegedly Posed As Nurse In Attempt To Steal Newborn Baby,0.5
Watchdog Says Secret Service Deleted Jan. 6 Text Messages,
GOP No Longer Cares About The Deficit If It Means Women Having More Babies,
John Fetterman Recruits Snooki To Take Some 'Jersey Shore' Shots At Dr. Oz,
Rep. Marjorie Taylor Greene Says Rep. Alexandria Ocasio-Cortez Should Thank Her Sexual Harasser,
Texas Sues Biden Administration For Right To Deny Life-Saving Abortions,
Uber Sued By Women Alleging Sexual Assault By Drivers,
Trump Tried To Call White House Support Staffer Who Was Talking To Jan. 6 Panel: Report,
Biden Admin: Pharmacists Cannot Refuse Prescriptions Similar To Medication Abortion,
Ancient Tomb Linked By Legend To King Arthur To Be Excavated For First Time,
Punk Band Responds After Former Oath Keeper Wears Its Shirt At Jan. 6 Hearing,
Ex-Trump Adviser Peter Navarro Accuses Mike Pence Of Treason In Bonkers Rant,
‘Galaxy Gazing Is The New Stargazing’: Cosmologists Awed By First Webb Image,
NASA Releases More Images From Powerful Webb Space Telescope,
Mehmet Oz Mocked By Senate Foe John Fetterman With Sassy Plane Banner,
At Least 15 Killed In South Africa Bar Shooting,
"Steve Bannon Will Testify Before Jan. 6 Committee, Says Rep. Zoe Lofgren",
"Sri Lanka President, Prime Minister To Resign Amid Civil Unrest",
Trump Now Claims He Won Wisconsin Since State Court Has Restricted Ballot Drop Boxes,
How A Crowded GOP Field Could Bolster A Trump 2024 Campaign,
Police Swarm Steve Bannon's D.C. Home In Frightening 'Swatting' Attack: Report,
Political Violence Is The New American Normal,
NY Gun Applicants Will Soon Have Social Media Accounts Screened,
"Ohio Tornado Displaces Hundreds Of Families, Leaves Thousands Without Power",
No One Gored In First Pamplona Running Of The Bulls In 3 Years,
Elon Musk Reportedly Had Twins Last Year With One Of His Company Execs,
"Bradford Freeman, Last Survivor Of Famed 'Band Of Brothers' Army Unit, Dead At 97",
Tucker Carlson Points Finger At Women And Weed For Latest Mass Shooting,
Patrick Lyoya’s Death Casts A Light On How Police Mishandle Traffic Stops,
Rep. Lauren Boebert's Terrible Take On Denmark Shooting Slammed As 'Deadly' Stupid,
"Pope Francis Condemns Abortions Again, Compares Them To 'Hiring A Hit Man'",
Abortion Clinic Staff Grapple With Trauma Following The End Of Roe v. Wade,
"There's 'Ample Probable Cause To Charge Trump,' Says Ex-Cop Wounded In Insurrection",
"Girl, 10, Reportedly Forced To Travel Out Of State For Abortion",
"Supreme Court Shakes Nation To Core, Has No Plans To Ease Up",
Uvalde School Police Chief Pete Arredondo Resigns From City Council,
2nd Tourist In 3 Days Gored By Bison At Yellowstone National Park,
Florida Pediatrician Axed From State Board For Pro-Vaccine Comments,
"UK Royals’ Spending Up 17%, Mostly For Palace Overhaul Costs",
Supreme Court Rules Biden Properly Ended Trump's 'Remain In Mexico' Policy,
"Gabby Petito's Family Can Sue Brian Laundrie's Parents, Judge Rules",
Ex-Aide Releases Melania Trump's Revealing 1-Word Text Message From Jan. 6,
Meghan Markle Weighs In On Supreme Court's Decision To Overturn Roe,
"Police Are Harassing Mom Who Pulled Kids From Uvalde School Shooting, Lawyer Says",
The GOP’s Anti-LGBTQ Hysteria Is Spreading To Family Drag Shows,
Instagram And Facebook Remove Posts Offering Abortion Pills,
"Former Nazi Guard, 101, Jailed In Germany For Aiding Murder",
'Truth Hurts': Arizona's Republican AG Tells Hecklers To 'Shut The Hell Up',
"The Netherlands, Facing Energy And Climate Crises, Bets On A Nuclear Revival",
Man Killed By 11-Foot Alligator At South Carolina Pond,
Canada Will Allow Americans To Cross The Border For Abortions: Trudeau,
Bear Looking For Food Dies Inside Hot Car On Sweltering Day,
Truck Driver Rams Into Abortion Rights Demonstrators At Roe Rally In Iowa,
Roe v. Wade: Supreme Court Overturns Landmark Ruling Protecting Abortion Rights,
Deborah Birx Says Trump Officials Made Her Change COVID Data Sent To States,
"After Bashing 'Woke' Americans, Steve Bannon Hails A Trump-Backing 'Army Of The Awakened'",
"Clarence Thomas: Supreme Court Could Now Restrict Marriage Equality, Contraception",
Republicans Are Making It Clear They Want To Ban Abortion Nationwide,
Rep. Marjorie Taylor Greene Tells Reporter To ‘Go Back To Your Country’,
"Steve Bannon Blasts Murdoch, Saying His Media Empire Is Dumping Trump For DeSantis",
Herschel Walker Says There Are 52 States,
7 Major Takeaways From The Jan. 6 Committee's Fourth Hearing,
Ginni Thomas-Linked Group Spread Election Lies At Event 2 Months After Jan. 6 Riot,
Trump Continues Push To Shut Down Voting Methods 69% of Americans Use,
Ex-Watergate Prosecutor Says Georgia Probe Is The One That Could 'Send Trump To Jail',
Troop Morale A Concern As NATO Chief Warns Ukraine War Could Last ‘Years’,
So 'Happy': Pharrell Williams Pays Off Student Debt Of NAACP Youth Leaders,
"Uvalde, Texas, Police Didn't Attempt To Open Classroom Door: Report",
An Elite Christian College Has Become The Latest Battleground In America’s Culture Wars,
CDC Recommends COVID-19 Shots For Children Under 5,
"Nerf Reveals Its New Mascot, And Its Monstrous Look Is Turning Heads",
Rants By Herschel Walker's Son On Absent Fathers Go Viral At Awkward Moment,
Rep. Eric Swalwell Would Love To Give Trump Equal Time On Jan. 6 Probe — Under Oath,
The Far-Right’s Assault On An Idaho Pride Event Was Meticulously Planned,
Twitter Users Mock Peter Navarro's Desire To Postpone Trial Because Of Book Tour,
"Herschel Walker, After Disparaging Absent Dads, Now Says He Has 4 Kids",
Obama Marks DACA’s 10th Anniversary In Conversation With Dreamers,
"After Defying Trump, GOP Rep. Tom Rice Loses Reelection In South Carolina",
Mehmet Oz Misspells Pennsylvania Address On Candidacy Form And Twitter Has Jokes,
"Yellowstone Floods Wipe Out Roads, Bridges, Strand Visitors",
Kentucky Shatters Its Fatal Overdose Record; Fentanyl Blamed,
The Races Where Democrats Are Rooting For Election Deniers,
Mick Mulvaney Trashes Trump Staffers As 'Garbage' And Twitter Users Pounce,
Kim Jong Un Rallies Behind North Korea's Weapons Buildup,2
Google Engineer On Leave After He Claims AI Program Has Gone Sentient,1.5
31 Patriot Front Extremists Aiming To 'Riot' At Idaho Pride Event Arrested: Officials,
Trump Reportedly Misusing Presidential Seal To Boost Business At 4th Golf Course,
Lost 'Giant Dog' Rolls Up To Dollar General Store And Refuses To Leave,
"Ivanka Trump Backed Her Dad Even As She Knew He Lied, Ex-White House Aide Points Out",
"Trump Trapped By 'Ego' In 2020; GOP Should Leave Him There, Slams New York Post",
Jeff Bridges Shares Powerful Lessons From Cancer And COVID-19 Bouts,
Kevin McCarthy Blames 'Everybody In The Country' For Jan. 6 Attack,
Jared Kushner Dismissed White House Counsel's Threats To Resign As 'Whining',
Facebook Algorithm May Have Aided GOP Over Democratic Party Groups: Research,
Peter Navarro Ripped For Complaining That Being Arrested Wasn't Very Pleasant,
Outraged Matthew McConaughey Begs For Commonsense Gun Laws At White House,
Pete Buttigieg Calls 'Door' Solution To Mass Shootings 'Definition Of Insanity',
Sen. Chris Murphy: 'We're Closer Than Ever Before' On Bipartisan Gun Legislation,
"Alaska's Unusual House Primary Draws Palin, Santa, 46 Others",
Filmmaker John Waters Complains Trump Forever Ruined Bad Taste,
Why Biden Is Giving Gun Control Negotiators ‘Some Space’,
"As Ukraine Loses Troops, How Long Can It Keep Up The Fight?",
Police Dispatcher Fired After Allegedly Hanging Up On Store Employee During Buffalo Shooting,
Court Rules That California Bees Can Be Fish And Have The Same Protections,
New York Poised To Raise Age For Semiautomatic Rifles,
Uvalde Police Officer Was On Phone With Wife Before She Was Killed: Report,
Comedian Stunned After Asking Man In Confederate Flag Shirt If He’s Pro-Slavery,
Michael Avenatti Sentenced To 4 Years For Defrauding Stormy Daniels,
"WATCH LIVE — A New Labor Movement: How Workers Are Unionizing Amazon, Starbucks, REI And Apple",
Biden's Ex Daughter-In-Law Opens Up About Marriage To Hunter,
Supreme Court Blocks Texas Law On Social Media Censorship,
"Uvalde's Next Steps: Visitations, Funerals And Burials, One After Another",
1 Dead After Crashing Into Miami Pond Teeming With Alligators,
"Georgia DA Could Bury Trump With His Own Words, Says Former Fed Prosecutor",
"Adam Kinzinger Calls Gun Age Limits 'A No-Brainer,' Considers Assault Weapon Ban",
Texas Gov. Greg Abbott Loudly Booed At Uvalde Memorial,
Christian Nationalism On The Rise In Some GOP Campaigns,
"Netflix Co-CEO Backs Dave Chappelle, Says Programs Are 'Not Going To Be For Everybody'",
Federal Judges Overrule Ohio Supreme Court: Mandate Voided Voting Map,
Oregon Man Parts Ways With Guns In Viral Change Of Heart,
Boy Whose Body Was Found In Suitcase Died Of Electrolyte Imbalance,
Brother Of Boy Killed In Uvalde Shooting Blasts Police Response As 'Selfish',
Defiant Kevin McCarthy Challenges  Subpoena Authority Of Jan. 6 Committee,
Pebbles The Toy Fox Terrier Fetches 'Oldest Living Dog' Title In Tiny Canine Showdown,
Chihuahua Puppy In Recovery After Being Shot Through The Neck With Arrow,
Gov. Greg Abbott Stops At Fundraiser After Texas School Shooting,
Parents Plead For Uvalde Cops To Rescue Trapped Kids In Heart-Wrenching Video,
Brian Kemp Easily Wins GOP Nomination Despite Being Trump’s No. 1 Revenge Target,
Texas Gov. On State's Deadliest School Shooting: 'It Could Have Been Worse',
The Supreme Court Just Made It More Likely Innocent People Will Be Executed,
Kellyanne Conway Finally Admits Marriage With George Conway Is On The Rocks,
Toddler Who Pulled Off Cheeseburger 'Heist' Gets Hero's Reception On Twitter,
Russian Soldier Sentenced To Life At Kyiv War Crimes Trial,
"Starbucks Leaving Russian Market, Shutting 130 Stores",
Trevor Reed: U.S. Should Do 'Absolutely Everything' To Release Americans Held Illegally,
Appeals Court Rules Florida Law On Social Media Unconstitutional,
NYC Mayor Eric Adams Declares State Of Emergency Over Baby Formula Shortage,
Biden Says Monkeypox Cases Something To 'Be Concerned About',
"78,000 Pounds Of Infant Formula Arrives In US From Europe",
The Lithium War Next Door,1.4
Group That Leaked Cawthorn's Nude Video Now Out To 'Fire' Lauren Boebert,
Trump Heaps Praise On Hungary's Viktor Orban At Conservative Conference: Report,
145 Beagles In 'Acute Distress' Seized From Massive Breeding Facility: Lawsuit,
"Family Hears Noise, Finds 550-Pound Alligator 'Taking A Dip' In Their Pool",
CPAC Head Hails Abortion Ban As Solution To Racist 'Replacement' Fears: Vice,
Dog On The Mend After Rescuing Owner From Mountain Lion,
"Doug Mastriano, Far-Right Election Denier, Wins Pennsylvania Gubernatorial Primary",
Donald Trump Is Back On Twitter,
Lawrence O’Donnell Accuses Rupert Murdoch Of Shaping Thinking Of White Supremacist Killers,
Congress Will Discuss UFOs For First Time In More Than 50 Years And People Have Questions,
Democrats Have Little Time To Avert An Election-Eve Obamacare Premium Hike,
Security Guard 'Went Down Fighting' While Taking On Buffalo Mass Shooter: Police,
K-9 Featured In Netflix's 'Rescued By Ruby' Euthanized,
Melania Trump Rips Vogue 'Bias' For Keeping Her Off The Cover,
Facebook Is Still Allowing Mug Shots Even Though They Can Ruin Lives,
Rep. Elise Stefanik Attacks Mysterious 'Pedo Grifters' For Shortage Of Infant Formula,
Ted Cruz Mocked Republicans Who Suck Up To Trump And People's Irony Meters Exploded,
GOP Rep. Madison Cawthorn Receives A Brutal Reminder After Veterans Tweet,
Crypto Crash Leaves Trading Platform Coinbase Slumped,
Slain Al Jazeera Journalist Was Icon Of Palestinian Coverage,
Finland's Leaders In Favor Of Applying For NATO Membership,
Joe Biden Co-Hosting 2nd COVID Summit As World's Resolve Falters,
"Charles Herbster, Accused Of Groping 8 Women, Loses Nebraska Gubernatorial Race",
New Jersey Governor Announces Proposals To Expand Abortion Access In The State,
Rep. Cori Bush: Biden Should 'Absolutely' Say The Word 'Abortion' More,
COVID-19 Cases Rise While Few School Mask Mandates Return,
House Lawmakers Approve Resolution Allowing Their Own Staffers To Unionize,
Russia Pounds Odesa As 44 Civilian Bodies Uncovered Elsewhere In Ukraine,
Mario Batali Acquitted Of Sexual Misconduct,
"Shanghai Disinfects Homes, Closes All Subways Under China's 'Zero-COVID' Strategy",
"Late Dictator's Son Wins Philippine Presidency, Unofficial Count Shows",0.8
"Lincoln College, Battered By COVID And Cyberattack, To Close This Week",
Fire At Wisconsin Anti-Abortion Office Following SCOTUS Draft Leak Investigated As Arson,
No End In Sight For Ukraine War As Putin Hails Victory Day,
"Panel Probing Jan. 6 Attack Still Undecided On Interviewing Trump, Pence",
New York Gov. Kathy Hochul Tests Positive For COVID-19 Amid State's Rising Cases,
"Internet Providers To Offer Discount For Poor, Says White House",
Dictator's Son Far Ahead Of Human Rights Activist In Philippine Presidential Vote,
Havana Hotel Death Toll Rises To 30 As Dogs Search For Survivors,
Dozens Feared Dead After Russian Bomb Levels Ukraine School,
Beijing Loyalist John Lee Elected As Hong Kong's Next Leader,
"As U.S. Poised To Restrict Abortion, Other Nations Ease Access",
G7 Pledges To Phase Out Import Of Russian Oil,
Everybody Clap! Endangered Seal Species Hits Comeback Milestone,1.4
Last Stand For Mariupol As Ukraine Seeks To Stop Complete Russian Takeover Of Port City,
Pro-Irish Unity Party Sinn Fein Celebrates Historic Northern Ireland Win,
Dallas Cowboys Owner Jerry Jones 'Home And Fine' After Reported Crash,
LA Dodgers Owners To Buy Chelsea Soccer Club From Sanctioned Russian Oligarch,
Unprecedented Gusts Expected To Fan Wildfires In New Mexico,
Superyacht Reportedly Owned By Russian Oligarch Is Seized In Fiji,
Belarus Jails Girlfriend Of Dissident Who Was Seized After Forced Plane Landing,
Defenders Inside Mariupol Steel Plant Refuse To Surrender To Russian Forces,
"US Added 428,000 Jobs In April Despite Surging Inflation",
Israel Searches For Attackers Who Killed 3 In Mass Stabbing Near Tel Aviv,
First Lady Jill Biden To Meet Ukrainian Refugees During Border Visit,
Lawyer For Roe Calls Overturning The Law 'Giant Step Backward' For Privacy Rights,
Ukraine Repels Russian Attacks As Mariupol Steel Plant Battle Rages,
Survivor Found Almost 6 Days After China Building Collapse,
UN: Record Number Of People Without Enough To Eat In 2021,1.8
Rep. Shontel Brown Wins Ohio Democratic Primary,
"J.D. Vance, Trump's Pick In Ohio, Wins GOP Senate Primary",
UN Says Reproductive Health Is Condition For Equality Amid Global Women's Rights Pushback,
State Legislatures To Be ‘Main Battleground’ For Abortion Rights If Roe Is Overturned,
2022 Midterms: What To Know About Tuesday's Primaries In Ohio And Indiana,
Gubernatorial Races More Important Than Ever With Roe v. Wade On The Chopping Block,
Rep. Jamie Raskin Rips Supreme Court Draft Against Roe v. Wade,
"Russia Plans To Annex Much Of Eastern Ukraine, Senior U.S. Official Says",
Protests Held Outside Supreme Court Following Shocking Leaked Draft About Abortion Rights,
Joe Biden Says Roe v. Wade Shouldn't Be Overturned After Supreme Court Abortion Leak,
Progressive Group Tries To Diversify Democratic Staffers,
"Spyware Attack Targeted The Phones Of Spain Prime Minister, Defense Minister",
Nebraska Gubernatorial Candidate Accused Of Groping Wants To Put Sex Ed 'Back In Homes',
"Tennessee Pauses Executions, Will Review Lethal Injections",
U.S. Pediatricians' Group Moves To Abandon Race-Based Guidance,
First Civilians Leave Mariupol Steel Plant As Hundreds Remain,
"Pelosi Visits Kyiv, Meets With Ukraine President",
Arizona Wildfire Forces Fast Decision: Fight Or Flee Flames?,
2nd Woman Publicly Accuses Nebraska Candidate Of Groping,
Joe Manchin Backs West Virginia Republican In Primary Against MAGA Challenger,
Operation Underway To Evacuate Remaining Ukrainians In Mariupol,
"Ukraine Fights To Hold Off Russian Advances In South, East",
Homes 'Completely Blown Away' By Suspected Tornado In Kansas,
Mark Meadows Says Jan. 6 Panel Leaked Texts To 'Vilify' Him,
"Ford Recalls More Than 250,000 SUVs That Can Roll Away While In Park",
"FDA Plans To Ban Menthol Cigarettes, Flavored Cigars",
Marjorie Taylor Greene Spews Head-Spinning Double Talk To Laura Ingraham,
A Major ‘Alt-Right’ Figure Just Disavowed White Nationalism,
Ex-Twitter CEO Dings Elon Musk For Attacks On Twitter's Top Lawyer,
Republicans Cheer As Congressional Candidate Demands Fauci’s Execution By Firing Squad,
Ex-FBI Assistant Director Accuses Tucker Carlson Of Aiding And Abetting Terrorism,
Putin Insists Olympic Skater Caught In Doping Scandal Didn’t Compete ‘Dishonestly’,
Trump's Latest Boast Gets Brutal Fact-Check From His Own Niece,
Ukraine Town's Remaining Residents Watch As War Closes In: 'You Feel So Helpless',
2 Wealthy Parents Appeal College Bribery Case Convictions,
Supreme Court Hears Arguments Over 'Remain In Mexico' Policy For Asylum-Seekers,
Most Of Beijing To Be Tested For COVID-19 Amid Lockdown Worry,
Video Captures Florida Deputy Climbing Building To Save Baby From Fire,
Donald Trump Says Prince Harry Is 'Whipped' In Marriage To Meghan Markle,
Emergency Declaration For Multiple Wildfires In New Mexico,
10 Found Dead After Japan Tour Boat Carrying 26 People Sinks,
Volodymyr Zelenskyy Warns That Ukraine Is Just The Beginning For Russia,
Ukraine Official: Zelenskyy Meets Top-Level U.S. Delegation,
"Zelenskyy Says He's Meeting With US Officials Blinken, Austin",
10 Missing After Underground Tremor At Coal Mine In Poland,
"Californian Charged With Making Violent, Anti-Trans Threats Against Merriam-Webster",
Emmanuel Macron's Lead Over Far-Right Marine Le Pen Depends On 1 Major Uncertainty,
"Second Mass Grave Found Outside Mariupol, Says Ukraine",
Twitter Bans Ads That Contradict Science On Climate Change,
"Philadelphia To End Mask Mandate, Days After Reinstating It",
"Fire Training, Equipment Lacking At U.S. Nuclear Dump: Report",
Leaders Of Rival Koreas Exchange Letters Amid Tensions,
American Man Sentenced To Death In China For Killing Ex-Girlfriend,
Southwest Fire Crews Brace For Return Of Dangerous Winds,
Supreme Court Revives Fight Over Painting Stolen By Nazis,
"This Earth Day, Biden Faces 'Headwinds' On Climate Agenda",
Biden Administration Urges Global Trade Chief To Release COVID-19 Patent Waiver Text,
Biden’s Plan To Battle The Opioid Epidemic: Access To Naloxone,
13 Nassar Victims Seeking $130 Million From FBI Over Bungled Probe,
Ex-Labor Secretary Warns How Donald Trump Could Actually Steal The 2024 Election,
Dashcam Video Shows Madison Cawthorn Surrendering His Driver's License,
Boris Johnson Offers 'Wholehearted Apology' Over 'Partygate',
Jen Psaki Says Court Ruling Ending Mask Mandate For Travel Is 'Disappointing',
Dad Of Slain Virginia Journalist Fails To Make Ballot For Congress,
Justice Department Prepares To Appeal Judge's Ruling On Transportation Mask Mandate,
Number Of People Trying To Cross Border Increases As U.S. Plans To Lift Curb On Asylum,
"Russia Launches Fight For Industrial Heartland, Ukraine Says",
Happy Tax Day! Even The Treasury Department Thinks The IRS Is Terrible.,
Rain Dampens The 1st White House Easter Egg Roll Since 2019,
Ukrainian Defenders In Mariupol Defy Surrender-Or-Die Demand,
Supreme Court Won't Hear New York City Teacher Vaccine Dispute,
Zelenskyy: Russian Offensive In Eastern Ukraine Has Begun,
"Pope Makes Easter Plea For Ukraine Peace, Cites Nuclear Risk",1.9
Israeli Police Wound Palestinians Again Near Flashpoint Jerusalem Holy Site,
Ukrainian PM Says Mariupol ‘Still Has Not Fallen’ Despite Defying Deadline To Surrender,
Volodymyr Zelenskyy Bashes Mariupol Devastation As 'Just Inhuman',
"For The Starbucks Union Campaign, A Bruising Contract Fight Is Just Beginning",
Man Accused Of Stuffing Grandmother In Freezer To Die,
Climate Change Activists Climb Atop Oil Tanker In Mass Protests In London,
"Russia Resumes Attacks On Kyiv, Missile Strikes Outdoor Market In Kharkiv",
Biden To Resume Oil And Gas Lease Sales On Federal Land While Upping Royalties,
Volodymyr Zelenskyy Hails Ukrainians' Resolve 50 Days Into Russian Invasion,
"Clashes Erupt Between Israeli Police, Palestinians At Al-Aqsa Mosque",
Strict Coronavirus Shutdowns In China Continue As Infections Rise,0.9
Congress Might Finally Do Something About The Exorbitant Cost Of Prison Phone Calls,
Elon Musk Offers To Buy 100% Of Twitter,
Ron DeSantis Signals Support For Woman Who Stole Fetal Remains From D.C. Clinic,
Ex-Trump Aide Stephen Miller Speaks To 1/6 Panel,
FDA Authorizes First Breathalyzer Test To Detect COVID-19,
White House Says Story That Bird Pooped On Joe Biden Is Just Crap,
Team Ukraine Arrives Safely Ahead Of Prince Harry's Invictus Games: 'We Are Delighted',
Blame Trump? Jury Hears That Defense At Capitol Riot Trial,
Joe Biden Approves $800 Million In New Military Aid For Ukraine,
How A Trump Tax Break For The Poor Led To A $30 Million Gold Stash In A Queens Warehouse,
DOJ Denies Jan. 6 Panel Details In Trump Records Probe,
Marjorie Taylor Greene Argues U.S. Capitol Riot Happened Just 'One Time',
Investor Sues Elon Musk Over His Delayed Twitter Filing,
"Biden Announces New Gun Control Rule, ATF Nominee",
Trial Opens In Florida Opioid Lawsuit Case Against Walgreens,
"Trump Is Basking In Surreal, Adoring Mar-a-Lago Bubble, Says Reporter",
Russia Appoints New Ukraine War Commander With Record Of Brutality,
Maryland Lawmakers Override Governor's Veto Of Abortion Expansion,
S&P Downgrade Indicates Russia Headed For Historic Default,
War Crimes Watch: A Devastating Walk Through Bucha's Horror,
Ohio Fairgrounds Turns Down Upcoming Trump Political Rally,
Trump-Backed Vernon Jones Says Civil Rights Don't Apply To Gay People Because They 'Can Change',
3 Killed At Georgia Shooting Range,
Books Are The Latest Casualty Of The New Conservative Culture War,
Twitter Beef Between Rep. Marjorie Taylor Greene and Jimmy Kimmel Enters Its 2nd Day,
Florida Free-Fall Ride Deemed ‘Danger To Public Health' By Officials After Death,
Gov. Greg Abbott Says Texas Will Bus Undocumented Immigrants To D.C.,
"Rand Paul Held Up Ketanji Brown Jackson's Senate Vote, And Twitter Was Not Having It",
Ex-Trump Officials Urge Texas To Declare Border 'Invasion',
Jan. 6 Committee Obtains 101 Emails From Former Trump Lawyer,
Sen. Josh Hawley Washes His Hands Of The 'Pro-Pedophile' Smears He Ignited,
"GOP Rep. Fred Upton, Who Voted To Impeach Trump, Announces Retirement",
"Russian Troops Killed, Sickened By Poisoned Food From Ukraine Residents, Say Officials",
‘Now Or Never’: New U.N. Report Sees Narrow Path For Averting Climate Catastrophe,
Ukrainian Americans Protest California Church Talk By Putin Defender Tucker Carlson,
Zelenskyy: ‘Mothers Of Russian Soldiers’ Should See Graphic Photos Out Of Kyiv Region,
Ukraine Documents Alleged Atrocities By Retreating Russians,
Ukraine Says Russian Troops Are Looting Civilians' Homes On Their Way Out,
Pope Francis Calls Putin's Invasion Of Ukraine 'Infantile And Destructive',
Sarah Palin Is Running For Congress In Alaska,
Ted Cruz Imagines 'Taking Peyote' Nude During His Upcoming Yale Appearance,
Trump Tells Member Of Gays For Trump At Mar-a-Lago: 'You Don't Look Gay',
"Betty Reid Soskin, Oldest National Park Service Ranger, Retires At 100",
Alaska Airlines Cancels Dozens Of Flights As Pilots Picket,
Marjorie Taylor Greene Sues To Stop Challenge To Her Reelection Eligibility,
Ukraine Woman's Account Sparks Investigation Into Sexual Violence By Russian Forces,
Alex Jones Faces Fines For Skipping Sandy Hook Deposition,
Cory Booker Explains Why He Went To Bat For Ketanji Brown Jackson,
This Texas City’s Water Crisis Is Shaping A Democratic Congressional Primary,
Joe Biden Slaps Down Question From Fox News' Peter Doocy: 'You Got To Be Silly',
FDA Authorizes Second COVID Booster For Those 50 And Older,
Trump Touts 'Massive' Turnout At Georgia Rally That Journalists Say Was 'Smallest' In Years,
Ukraine Ambassador On Putin's Strategy: ‘We Can Always Count On Russia Lying’,
Biden Budget Seeks Minimum Tax On Households Worth $100 Million,
GOP Sen. Rick Scott's Lies About His Own Policy Get Called Out On Fox News,
Ex-Maine Gov Candidate Out On Bail After Child Porn Arrest,
"Biden On Putin: 'For God's Sake, This Man Cannot Remain In Power'",
Rep. Madison Cawthorn Tells Audience: 'I Don't Have A Whole Lot Of Wisdom',
Ingraham Guest Says ‘No Reason Whatsoever’ For Ukrainian Refugees To Come To U.S.,
U.S. Indictment Details Russian Efforts To Hack Worldwide Energy Sector,
"60 Miles From Ukraine, Biden Sees Refugee Crisis In Poland",
Half Of Ukraine's Children Displaced Amid Russian Invasion,
Key Dem Manchin Says He'll Back Jackson For Supreme Court,
"U.S., E.U. Announce New Partnership To Undercut Russian Energy",
"Biden To Visit Poland, A Complex Ally On Ukraine's Doorstep",
"White House Removes Dr. Oz, Herschel Walker From Presidential Council",
OOPS! Reporters Spot What Sen. Ted Cruz Was Looking At On His Phone During Hearings,